{
  "site_timings": {
    "Bankia+2019-09-08-17`25`01": {
      "total_time": 14.851382970809937,
      "attack_times": {
        "jpeg": 0.21200823783874512,
        "uap": 0.7201018333435059,
        "spatial": 0.22333884239196777,
        "color": 0.24279189109802246
      }
    }
  },
  "total_time": 14.851382970809937,
  "average_time_per_site": 14.851382970809937
}